Promotion	Retrenchment	Find Duplicate	
Adelaide L Harrop	Adalberto W Creek	N	
Aiko Blossom	Adelaide L Harrop	N	
Alexis Q Grose	Allyn O Farrior	N	
Aliza X Sammons	America V Lobel	N	
America V Lobel	Amiee Z Chaffins	N	
Amiee Z Chaffins	Andrew Detweiler	N	
Andrew Detweiler	Asa E Kunze	N	
Ayako Bachmann	Bell N Molinaro	N	
Bonny Poor	Bennie E Manfredi	N	
Brendon E Mone	Benny S Brinker	N	
Buck H Rancourt	Bernie M Kish	N	
Candelaria Zajicek	Buck H Rancourt	N	
Carlotta T Ryles	Cameron A Chamberland	N	
Carmelia E Bergeron	Candelaria Q Zajicek	N	
Carolin T Loya	Candelaria Zajicek	N	
Carolynn V Moynihan	Carmelia E Bergeron	N	
Cecily D Houser	Cedric N Cavallo	N	
Celestine H Alderson	Christene F Blakemore	N	
Celine Baskin	Christie Rodger	N	
Christie Rodger	Cliff Skipworth	N	
Clemente S Wiechmann	Cole N Poling	N	
Cliff Skipworth	Dee Joslyn	N	
Damian F Mcgaughey	Detra D Rymer	N	
Deanna P Scoggin	Digna Q Eck	N	
Detra D Rymer	Doyle Utter	N	
Devin Hales	Edmund Mcclung	N	
Dovie Nickerson	Ela K Hames	N	
Dulce E Grizzard	Eldridge B Bose	N	
Edmund Mcclung	Elsy B Latta	N	
Eleanor D Dickson	Elvis Veiga	N	
Eleanora Farthing	Fernando S Korhonen	N	
Elsy B Latta	Gabriel E Pearsall	N	
Elvis J Stroh	Garnett Dryer	N	
Fernando S Korhonen	Garrett Nolette	N	
Garnett Dryer	Garrett S Nolette	N	
Garrett S Nolette	Harland S Renshaw	N	
Inocencia Z Buteau	Honey D Eaves	N	
Isaac O Dempster	Hong M Townson	N	
Isaiah Y Magwood	Inocencia Z Buteau	N	
Isobel K Dance	Jamel Meaney	N	
Jackie P Montague	Janie P Caswell	N	
Jamaal Z Resto	Jayson S Carrol	N	
Jamel Meaney	Jenni Olguin	N	
Janie P Caswell	Jocelyn Q Scotti	N	
Jayson S Carrol	Jolanda Dewees	N	
Jeff E Lucero	Jordan Phu	N	
Jeneva Y Bybee	Julius Q Stock	N	
Jerlene P Dunnigan	Kassie Q Binder	N	
Jolanda Dewees	Keila A Lucas	N	
Jon Arvizu	Keira Y Till	N	
Jon Behler	Ken X Weisberg	N	
Jordan Phu	Kenton Q Villalta	N	
Julius Q Stock	Kimberlee J Hawkins	N	
Junita Y Huhn	Lamar W Estill	N	
Kaye Tubbs	Larisa Still	N	
Keira Y Till	Larry K Mash	N	
Ken X Weisberg	Latia Gleaton	N	
Kendrick C Burchette	Launa N Kohl	N	
Kenton Q Villalta	Laurena P Caston	N	
Kylie K Freda	Lenny U Rister	N	
Larry K Mash	Loren H Mckenzie	N	
Latia Gleaton	Lyn Tso	N	
Laurena P Caston	Margrett M Confer	N	
Loren H Mckenzie	Maximina K Frates	N	
Lucinda Z Borton	Nettie T Mccandless	N	
Mack L Lykes	Oren M Mcnabb	N	
Mariam F Pinheiro	Oren Mcnabb	N	
Mauricio I Streets	Orval Q Olinger	N	
Maximina K Frates	Patria D Riedel	N	
Morgan K Rathbun	Raymundo Pecora	N	
Narcisa C Rayburn	Reynaldo S Service	N	
Nettie T Mccandless	Scott D Torrey	N	
Noel Garon	Shanti P Brinegar	N	
Patria D Riedel	Shavonne Henkle	N	
Reinaldo G Castellanos	Sherwood K Shire	N	
Renaldo K Cheatham	Sol K Roger	N	
Ronnie G Gumbs	Stephan Q Ranger	N	
Rozanne N Mielke	Stewart Mazurek	N	
Scott D Torrey	Susana H Hooks	N	
Sheryll X Broadbent	Taneka Q Church	N	
Son D Ricketts	Taylor Thill	N	
Sonny Najar	Therese Q Belden	N	
Stephan Q Ranger	Tiny Q Llanos	N	
Stewart Mazurek	Toney O Gentle	N	
Susana H Hooks	Toney W Bollman	N	
Sylvester Harmer	Toya B Rawlins	N	
Sylvester Z Blackledge	Valene Z Woodmansee	N	
Tammi S Garret	Vaughn Garica	N	
Taneka Q Church	Vikki N Lezama	N	
Taylor Thill	Violet L Ertel	N	
Terra Routh	Walton S Keim	N	
Therese Q Belden	Willia Vath	N	
Tiffaney A Schoenberg	Wm S Goldschmidt	N	
Tim N Schueller	Abbey Schindler	N	
Tiny Q Llanos	Abe J Macleod	N	
Toney W Bollman	Abe Morales	N	
Tonja E Lenahan	Abe X Paro	N	
Tony E Keough	Abram Q Keffer	N	
Toya B Rawlins	Abram S Manrique	N	
Valene Z Woodmansee	Adam B Katzer	N	
Vaughn Garica	Adele M Burnam	N	
Vernell X Amado	Adelia Abbas	N	
Vikki N Lezama	Adelia U Villagomez	N	
Violet L Ertel	Adell W Trower	N	
Walton S Keim	Adella U Foushee	N	
Windy Pharr	Adelle E Brunner	N	
Zella Renn	Adria M Melendrez	N	
Abbey Schindler	Adriana O Medved	N	
Abe J Macleod	Agnes Blow	N	
Abe Morales	Agnes D Doud	N	
Abe X Paro	Ahmad V Lynde	N	
Abram Q Keffer	Ahmed C Minch	N	
Abram S Manrique	Ahmed I Strope	N	
Adalberto W Creek	Ahmed V Lease	N	
Adam B Katzer	Aiko Blossom	N	
Adele M Burnam	Aileen F Hiltz	N	
Adelia Abbas	Aileen Hiltz	N	
Adelia U Villagomez	Akiko S Godby	N	
Adell W Trower	Al Fegley	N	
Adella U Foushee	Alanna L Tyrell	N	
Adelle E Brunner	Albert Z Dunford	N	
Adria M Melendrez	Alda F Penning	N	
Adriana O Medved	Alden Cauley	N	
Agnes Blow	Alden Y Cauley	N	
Agnes D Doud	Alease Lander	N	
Ahmad V Lynde	Alease Y Lander	N	
Ahmed C Minch	Alec Mcnees	N	
Ahmed I Strope	Aleisha H Mathew	N	
Ahmed V Lease	Alesia B Bear	N	
Aileen F Hiltz	Alexis C Amaral	N	
Aileen Hiltz	Alexis D Bonelli	N	
Akiko S Godby	Alexis Q Grose	N	
Al Fegley	Alfonzo Knupp	N	
Alanna L Tyrell	Alfred L Strausbaugh	N	
Albert Z Dunford	Alina L Prowell	N	
Alda F Penning	Alise Baltzell	N	
Alden Cauley	Alise O Baltzell	N	
Alden Y Cauley	Alisha D Coppock	N	
Alease Lander	Aliza X Sammons	N	
Alease Y Lander	Allen L Vachon	N	
Alec Mcnees	Allene T Lepe	N	
Aleisha H Mathew	Alline V Kushner	N	
Alesia B Bear	Allyson I Ours	N	
Alexis C Amaral	Almeda M Dunford	N	
Alexis D Bonelli	Alonzo W Stanford	N	
Alfonzo Knupp	Alphonso Laffoon	N	
Alfred L Strausbaugh	Alphonso U Laffoon	N	
Alina L Prowell	Alysia Basil	N	
Alise Baltzell	Amada J Knouse	N	
Alise O Baltzell	Amado C Bonet	N	
Alisha D Coppock	Amelia H Burbank	N	
Allen L Vachon	Analisa X Birdsell	N	
Allene T Lepe	Andre Q Maxon	N	
Alline V Kushner	Andrea Rhymes	N	
Allyn O Farrior	Andreas L Kennard	N	
Allyson I Ours	Andreas T Viles	N	
Almeda M Dunford	Andres P Towles	N	
Alonzo W Stanford	Andres S Garner	N	
Alphonso Laffoon	Andrew D Hersey	N	
Alphonso U Laffoon	Andrew P Detweiler	N	
Alysia Basil	Andria Z Reza	N	
Amada J Knouse	Angel F Palomino	N	
Amado C Bonet	Angel Ferebee	N	
Amelia H Burbank	Angela P Lorenzen	N	
Analisa X Birdsell	Angelo B Fitzmaurice	N	
Andre Q Maxon	Anibal F Pieper	N	
Andrea Rhymes	Anisha Jasmin	N	
Andreas L Kennard	Annabelle E Encinas	N	
Andreas T Viles	Annette Jolin	N	
Andres P Towles	Antone Polston	N	
Andres S Garner	Antone W Polston	N	
Andrew D Hersey	Archie Blair	N	
Andrew P Detweiler	Arden B Fujita	N	
Andria Z Reza	Arlen F Maly	N	
Angel F Palomino	Arlen Joly	N	
Angel Ferebee	Arlen M Joly	N	
Angela P Lorenzen	Arlen Z Vanslyke	N	
Angelo B Fitzmaurice	Armando H Seaborn	N	
Anibal F Pieper	Armida Bridwell	N	
Anisha Jasmin	Arnoldo D Mckeen	N	
Annabelle E Encinas	Aron Durante	N	
Annette Jolin	Arron R Vegas	N	
Antone Polston	Arturo N Halvorsen	N	
Antone W Polston	Ashanti R Swim	N	
Archie Blair	Ashlie G Cadena	N	
Arden B Fujita	Asley F Mcewan	N	
Arlen F Maly	Astrid Marinelli	N	
Arlen Joly	Astrid R Marinelli	N	
Arlen M Joly	Asuncion X Braunstein	N	
Arlen Z Vanslyke	Audrea B Prather	N	
Armando H Seaborn	Audrea K Papineau	N	
Armida Bridwell	Audria W Barrios	N	
Arnoldo D Mckeen	Audrie X Mccammon	N	
Aron Durante	August C Navarette	N	
Arron R Vegas	August C Strother	N	
Arturo N Halvorsen	August F Dones	N	
Asa E Kunze	Augusta G Kircher	N	
Ashanti R Swim	Aundrea W Lundberg	N	
Ashlie G Cadena	Aurelio K Wyckoff	N	
Asley F Mcewan	Austin Janney	N	
Astrid Marinelli	Ayako Bachmann	N	
Astrid R Marinelli	Ayako L Bachmann	N	
Asuncion X Braunstein	Barak Sali	N	
Audrea B Prather	Barrie Collman	N	
Audrea K Papineau	Barrie E Collman	N	
Audria W Barrios	Bart B Gilcrease	N	
Audrie X Mccammon	Beatrice A Knopf	N	
August C Navarette	Beatrice Coen	N	
August C Strother	Beatrice T Coen	N	
August F Dones	Belva Fitzwater	N	
Augusta G Kircher	Ben Gigliotti	N	
Aundrea W Lundberg	Ben Lagrange	N	
Aurelio K Wyckoff	Ben N Lamson	N	
Austin Janney	Ben U Gigliotti	N	
Ayako L Bachmann	Benedict B Wix	N	
Barak Sali	Benedict U Daye	N	
Barrie Collman	Berna Z Stoller	N	
Barrie E Collman	Bernard A Harbert	N	
Bart B Gilcrease	Bernard Harbert	N	
Beatrice A Knopf	Bernard N Weatherly	N	
Beatrice Coen	Bernarda E Gervais	N	
Beatrice T Coen	Bernardina X Roesch	N	
Bell N Molinaro	Bernardo I Garzon	N	
Belva Fitzwater	Bernardo X Barbee	N	
Ben Gigliotti	Bert Q Lauritzen	N	
Ben Lagrange	Bert S Kinkade	N	
Ben N Lamson	Bertha E Harbison	N	
Ben U Gigliotti	Beryl Helsel	N	
Benedict B Wix	Bethann Marini	N	
Benedict U Daye	Bill Tarkington	N	
Bennie E Manfredi	Billie Liang	N	
Benny S Brinker	Birdie Savoy	N	
Berna Z Stoller	Blanch Y Mysliwiec	N	
Bernard A Harbert	Bo E Curlee	N	
Bernard Harbert	Bobbie P Chumley	N	
Bernard N Weatherly	Bobbie Q Holbrook	N	
Bernarda E Gervais	Bobbie S Miner	N	
Bernardina X Roesch	Bobbie X Schoenrock	N	
Bernardo I Garzon	Bong M Alvares	N	
Bernardo X Barbee	Bonny Poor	N	
Bernie M Kish	Bonny S Poor	N	
Bert Q Lauritzen	Boris A Mccown	N	
Bert S Kinkade	Brad I Pattison	N	
Bertha E Harbison	Bradford K Marlatt	N	
Beryl Helsel	Brande Sevier	N	
Bethann Marini	Brendon E Mone	N	
Bill Tarkington	Brendon J Camp	N	
Billie Liang	Brendon V Crowther	N	
Birdie Savoy	Brent U Perlman	N	
Blanch Y Mysliwiec	Brenton U Boyett	N	
Bo E Curlee	Bret C Delancey	N	
Bobbie P Chumley	Brett Z Vadnais	N	
Bobbie Q Holbrook	Bridget D Spadaro	N	
Bobbie S Miner	Bridget Rake	N	
Bobbie X Schoenrock	Brigitte D Fendley	N	
Bong M Alvares	Britt P Shivers	N	
Bonny S Poor	Britt Shivers	N	
Boris A Mccown	Bruna R Welke	N	
Brad I Pattison	Bryan J Stampley	N	
Bradford K Marlatt	Bryan V Guyton	N	
Brande Sevier	Bryanna Pyron	N	
Brendon J Camp	Bryant L Kinsman	N	
Brendon V Crowther	Bryce B Edens	N	
Brent U Perlman	Buck Rancourt	N	
Brenton U Boyett	Bud Kistner	N	
Bret C Delancey	Bud L Lofgren	N	
Brett Z Vadnais	Bud Lofgren	N	
Bridget D Spadaro	Buddy G Steinbeck	N	
Bridget Rake	Buddy W Lofgren	N	
Brigitte D Fendley	Buford Q Giancola	N	
Britt P Shivers	Bula Reich	N	
Britt Shivers	Burton C Jin	N	
Bruna R Welke	Caleb Luther	N	
Bryan J Stampley	Cameron Chamberland	N	
Bryan V Guyton	Cameron K Gratton	N	
Bryanna Pyron	Carey J Sandlin	N	
Bryant L Kinsman	Carey N Mccready	N	
Bryce B Edens	Carl M Paddock	N	
Buck Rancourt	Carlo B Ali	N	
Bud Kistner	Carlos Banh	N	
Bud L Lofgren	Carlotta T Ryles	N	
Bud Lofgren	Carlton P Bose	N	
Buddy G Steinbeck	Carlton P Mahurin	N	
Buddy W Lofgren	Carly L Sirianni	N	
Buford Q Giancola	Carmelia R Lattimer	N	
Bula Reich	Carmen F Barret	N	
Burton C Jin	Carmen U Benbow	N	
Caleb Luther	Carmon A Howlett	N	
Cameron A Chamberland	Carolin T Loya	N	
Cameron Chamberland	Carolina B Pasillas	N	
Cameron K Gratton	Carolynn V Moynihan	N	
Candelaria Q Zajicek	Carrol Arend	N	
Carey J Sandlin	Carrol O Arend	N	
Carey N Mccready	Carter B Hilderbrand	N	
Carl M Paddock	Carter C Hunt	N	
Carlo B Ali	Casey D Krier	N	
Carlos Banh	Cassaundra K Polito	N	
Carlton P Bose	Cayla Mealy	N	
Carlton P Mahurin	Cecil Teixeira	N	
Carly L Sirianni	Cecily D Houser	N	
Carmelia R Lattimer	Cedrick Engelhardt	N	
Carmen F Barret	Cedrick K Engelhardt	N	
Carmen U Benbow	Cedrick M Cordle	N	
Carmon A Howlett	Celesta L Reeser	N	
Carolina B Pasillas	Celestine H Alderson	N	
Carrol Arend	Celinda C Magruder	N	
Carrol O Arend	Celine Baskin	N	
Carter B Hilderbrand	Chadwick I Hargreaves	N	
Carter C Hunt	Charity N Denman	N	
Casey D Krier	Charles S Nicholes	N	
Cassaundra K Polito	Charlie Moxley	N	
Cayla Mealy	Charlie V Koeller	N	
Cecil Teixeira	Chase J Paradise	N	
Cedric N Cavallo	Chase Paradise	N	
Cedrick Engelhardt	Chase T Scurry	N	
Cedrick K Engelhardt	Chau R Barron	N	
Cedrick M Cordle	Chauncey Southerland	N	
Celesta L Reeser	Chaya W Caudle	N	
Celinda C Magruder	Chere Patchett	N	
Chadwick I Hargreaves	Cheree Lusk	N	
Charity N Denman	Chester N Sitz	N	
Charles S Nicholes	Chi S Clopton	N	
Charlie Moxley	Ching D Applegate	N	
Charlie V Koeller	Chris Braggs	N	
Chase J Paradise	Chrissy H Edmonson	N	
Chase Paradise	Christena Kratz	N	
Chase T Scurry	Christene Blakemore	N	
Chau R Barron	Christene L Mccaleb	N	
Chauncey Southerland	Christi H Amaker	N	
Chaya W Caudle	Christoper K Manzano	N	
Chere Patchett	Chung J Moynihan	N	
Cheree Lusk	Cicely W Colton	N	
Chester N Sitz	Cindie T Madden	N	
Chi S Clopton	Clara B Sifuentes	N	
Ching D Applegate	Clarence Hinkson	N	
Chris Braggs	Clarence J Hinkson	N	
Chrissy H Edmonson	Claretta D Wingert	N	
Christena Kratz	Clark Spence	N	
Christene Blakemore	Claudio Q Bien	N	
Christene F Blakemore	Clemente S Wiechmann	N	
Christene L Mccaleb	Clemmie F Montague	N	
Christi H Amaker	Cleveland A Zinke	N	
Christoper K Manzano	Cleveland Franko	N	
Chung J Moynihan	Cleveland W Franko	N	
Cicely W Colton	Clint Q Orear	N	
Cindie T Madden	Clint Q Strayhorn	N	
Clara B Sifuentes	Clint Strayhorn	N	
Clarence Hinkson	Clinton Tschida	N	
Clarence J Hinkson	Clotilde Mason	N	
Claretta D Wingert	Clotilde X Mason	N	
Clark Spence	Clyde P Ponton	N	
Claudio Q Bien	Cole Dellinger	N	
Clemmie F Montague	Cole M Dellinger	N	
Cleveland A Zinke	Colin V Likens	N	
Cleveland Franko	Colleen B Lenihan	N	
Cleveland W Franko	Colton B Salzman	N	
Clint Q Orear	Colton Salzman	N	
Clint Q Strayhorn	Conrad R Saito	N	
Clint Strayhorn	Conrad Saito	N	
Clinton Tschida	Cordell M Tweedy	N	
Clotilde Mason	Cordell Riche	N	
Clotilde X Mason	Cordia M Knopp	N	
Clyde P Ponton	Corey F Stowe	N	
Cole Dellinger	Corina U Korhonen	N	
Cole M Dellinger	Cortez F Espiritu	N	
Cole N Poling	Coy I Gentner	N	
Colin V Likens	Cristal Q Kucharski	N	
Colleen B Lenihan	Cristi T Clem	N	
Colton B Salzman	Crystal Comes	N	
Colton Salzman	Crystal U Comes	N	
Conrad R Saito	Curtis E Quayle	N	
Conrad Saito	Cyndy Ary	N	
Cordell M Tweedy	Cyndy H Ary	N	
Cordell Riche	Cythia I Stecker	N	
Cordia M Knopp	Daina U Ledet	N	
Corey F Stowe	Dale Childers	N	
Corina U Korhonen	Dale E Childers	N	
Cortez F Espiritu	Damian F Mcgaughey	N	
Coy I Gentner	Damian X Grist	N	
Cristal Q Kucharski	Damien A Izquierdo	N	
Cristi T Clem	Dane Lawrence	N	
Crystal Comes	Danette A Kuykendall	N	
Crystal U Comes	Daniel L Nava	N	
Curtis E Quayle	Danilo Hammes	N	
Cyndy Ary	Danilo S Hammes	N	
Cyndy H Ary	Darcel P Burford	N	
Cythia I Stecker	Darin Keitt	N	
Daina U Ledet	Darin U Shipp	N	
Dale Childers	Darren U Shoulders	N	
Dale E Childers	Darron Tittle	N	
Damian X Grist	Darwin W Lemoine	N	
Damien A Izquierdo	Davida A Funkhouser	N	
Dane Lawrence	Davis Z Gaylor	N	
Danette A Kuykendall	Dawna T Woodbury	N	
Daniel L Nava	Dawne Y Gardner	N	
Danilo Hammes	Dayna M Edmondson	N	
Danilo S Hammes	Deandre U Groleau	N	
Darcel P Burford	Deane I Keown	N	
Darin Keitt	Deanna P Scoggin	N	
Darin U Shipp	Debbie C Lipsey	N	
Darren U Shoulders	Debrah X Flury	N	
Darron Tittle	Deeanna E Cluck	N	
Darwin W Lemoine	Delana I Selfridge	N	
Davida A Funkhouser	Delana Y Freedman	N	
Davis Z Gaylor	Delfina O Day	N	
Dawna T Woodbury	Delphine P Carpio	N	
Dawne Y Gardner	Delsie R Tennison	N	
Dayna M Edmondson	Demarcus Recio	N	
Deandre U Groleau	Denis T Yelle	N	
Deane I Keown	Denis Y Fehr	N	
Debbie C Lipsey	Dennis K Cayer	N	
Debrah X Flury	Deon U Mounce	N	
Dee Joslyn	Derick A Macey	N	
Deeanna E Cluck	Derrick Culbreth	N	
Delana I Selfridge	Deshawn O Mankin	N	
Delana Y Freedman	Desirae D Ginn	N	
Delfina O Day	Desirae Ginn	N	
Delphine P Carpio	Desiree L Sobel	N	
Delsie R Tennison	Devin Hales	N	
Demarcus Recio	Devin U Hales	N	
Denis T Yelle	Dewayne X Groom	N	
Denis Y Fehr	Dian I Peachey	N	
Dennis K Cayer	Dion K Taylor	N	
Deon U Mounce	Dion Taylor	N	
Derick A Macey	Don Southwick	N	
Derrick Culbreth	Donald H Mazur	N	
Deshawn O Mankin	Donald P Phaneuf	N	
Desirae D Ginn	Dong B Sturdevant	N	
Desirae Ginn	Dong Sturdevant	N	
Desiree L Sobel	Donna R Woodrum	N	
Devin U Hales	Donnell Babbitt	N	
Dewayne X Groom	Donte H Granger	N	
Dian I Peachey	Donya G Rodden	N	
Digna Q Eck	Dorethea U Engram	N	
Dion K Taylor	Doria Z Crouse	N	
Dion Taylor	Dorla G Westberry	N	
Don Southwick	Dorothea J Canterbury	N	
Donald H Mazur	Dorothy Gard	N	
Donald P Phaneuf	Dorothy Q Gard	N	
Dong B Sturdevant	Dortha Z Harty	N	
Dong Sturdevant	Dottie D Hagaman	N	
Donna R Woodrum	Dottie Hagaman	N	
Donnell Babbitt	Doug B Southwick	N	
Donte H Granger	Douglas Cull	N	
Donya G Rodden	Dovie F Larue	N	
Dorethea U Engram	Dovie Nickerson	N	
Doria Z Crouse	Dovie U Nickerson	N	
Dorla G Westberry	Doyle Grindstaff	N	
Dorothea J Canterbury	Doyle N Utter	N	
Dorothy Gard	Doyle T Grindstaff	N	
Dorothy Q Gard	Drucilla Simkins	N	
Dortha Z Harty	Dudley G Slocum	N	
Dottie D Hagaman	Dudley Slocum	N	
Dottie Hagaman	Dulce E Grizzard	N	
Doug B Southwick	Dulce Grizzard	N	
Douglas Cull	Duncan O Maheu	N	
Dovie F Larue	Dustin Y Espey	N	
Dovie U Nickerson	Dusty L Kugler	N	
Doyle Grindstaff	Dwain O Upham	N	
Doyle N Utter	Dwain Upham	N	
Doyle T Grindstaff	Dwayne Marker	N	
Doyle Utter	Dwayne W Marker	N	
Drucilla Simkins	Earlean Funke	N	
Dudley G Slocum	Earlean Y Funke	N	
Dudley Slocum	Earnest H Birkholz	N	
Dulce Grizzard	Eartha Z Oceguera	N	
Duncan O Maheu	Ed Shockley	N	
Dustin Y Espey	Ed X Shockley	N	
Dusty L Kugler	Eda O Brase	N	
Dwain O Upham	Edgar Teer	N	
Dwain Upham	Edmund K Masuda	N	
Dwayne Marker	Edmundo R Rew	N	
Dwayne W Marker	Edra M Guthrie	N	
Earlean Funke	Effie Jelinek	N	
Earlean Y Funke	Efrain L Wass	N	
Earnest H Birkholz	Efrain Moats	N	
Eartha Z Oceguera	Efren G Ager	N	
Ed Shockley	Eladia A Braggs	N	
Ed X Shockley	Elaine B Randazzo	N	
Eda O Brase	Eldridge Bose	N	
Edgar Teer	Eldridge M Benningfield	N	
Edmund K Masuda	Eleanor D Dickson	N	
Edmundo R Rew	Eleanora Farthing	N	
Edra M Guthrie	Elease H Burger	N	
Effie Jelinek	Elenor B Gibbs	N	
Efrain L Wass	Elenora S Whitehill	N	
Efrain Moats	Elenora V Halley	N	
Efren G Ager	Eleonora Pollard	N	
Ela K Hames	Eleonora S Pollard	N	
Eladia A Braggs	Elias Pinkard	N	
Elaine B Randazzo	Elias Y Pinkard	N	
Eldridge B Bose	Elijah P Elkin	N	
Eldridge Bose	Elijah X Ahmad	N	
Eldridge M Benningfield	Eliz R Linneman	N	
Elease H Burger	Elliott Chess	N	
Elenor B Gibbs	Ellis J Mccune	N	
Elenora S Whitehill	Ellis V Mcneel	N	
Elenora V Halley	Elmo G Pagano	N	
Eleonora Pollard	Elois Z Ono	N	
Eleonora S Pollard	Eloise Demoss	N	
Elias Pinkard	Eloise Z Demoss	N	
Elias Y Pinkard	Elroy Kimbler	N	
Elijah P Elkin	Elroy L Shorts	N	
Elijah X Ahmad	Elroy N Kimbler	N	
Eliz R Linneman	Elsie S Depaz	N	
Elliott Chess	Elsy Beyer	N	
Ellis J Mccune	Elvis J Stroh	N	
Ellis V Mcneel	Elvis Stroh	N	
Elmo G Pagano	Elwood T More	N	
Elois Z Ono	Emeline I Richer	N	
Eloise Demoss	Emery P Sorrells	N	
Eloise Z Demoss	Emiko Z Lolley	N	
Elroy Kimbler	Emile Aponte	N	
Elroy L Shorts	Emma Dice	N	
Elroy N Kimbler	Emma Monti	N	
Elsie S Depaz	Emma X Monti	N	
Elsy Beyer	Emmanuel G Chamorro	N	
Elvis Stroh	Emmitt X Plante	N	
Elvis Veiga	Employees	N	
Elwood T More	Ena Mullins	N	
Emeline I Richer	Ena Thor	N	
Emery P Sorrells	Enda Kirchner	N	
Emiko Z Lolley	Eric C Irvine	N	
Emile Aponte	Erica S Harlan	N	
Emma Dice	Erik W Steffen	N	
Emma Monti	Erin K Stclair	N	
Emma X Monti	Erin L Jasmin	N	
Emmanuel G Chamorro	Ernestine E Fludd	N	
Emmitt X Plante	Ernestine Fludd	N	
Employees	Esmeralda N Veliz	N	
Ena Mullins	Estella E Miley	N	
Ena Thor	Etsuko O Wilmot	N	
Enda Kirchner	Ettie S Stilwell	N	
Eric C Irvine	Eveline B Strecker	N	
Erica S Harlan	Evon Q Lawson	N	
Erik W Steffen	Ewa B Staples	N	
Erin K Stclair	Exie C Bradham	N	
Erin L Jasmin	Ezequiel N Shell	N	
Ernestine E Fludd	Ezra Calvert	N	
Ernestine Fludd	Fabian Say	N	
Esmeralda N Veliz	Faustino Scheffel	N	
Estella E Miley	Fawn Buckman	N	
Etsuko O Wilmot	Fe A Schrock	N	
Ettie S Stilwell	Federico B Edmond	N	
Eveline B Strecker	Federico Edmond	N	
Evon Q Lawson	Federico I Carlile	N	
Ewa B Staples	Felisha Q Ettinger	N	
Exie C Bradham	Felix S Croker	N	
Ezequiel N Shell	Femi Grek	N	
Ezra Calvert	Ferdinand Ramsdell	N	
Fabian Say	Fermin L Zapata	N	
Faustino Scheffel	Fernando Korhonen	N	
Fawn Buckman	Forest Z Blewett	N	
Fe A Schrock	Forest Z Hacker	N	
Federico B Edmond	Forrest Q Zell	N	
Federico Edmond	Francis O Encarnacion	N	
Federico I Carlile	Frank O Mallon	N	
Felisha Q Ettinger	Frankie I Speed	N	
Felix S Croker	Franklyn V Hummell	N	
Femi Grek	Freddie C Headen	N	
Ferdinand Ramsdell	Freddy A Rolling	N	
Fermin L Zapata	Freddy Rolling	N	
Fernando Korhonen	Fredericka J Varney	N	
Forest Z Blewett	Gabriel S Beale	N	
Forest Z Hacker	Galina G Woodbury	N	
Forrest Q Zell	Garland J Verville	N	
Francis O Encarnacion	Garland Z Leavell	N	
Frank O Mallon	Garret Flakes	N	
Frankie I Speed	Gavin V Mckillip	N	
Franklyn V Hummell	Gearldine Stolte	N	
Freddie C Headen	Gema S Grover	N	
Freddy A Rolling	Gemma I Chilton	N	
Freddy Rolling	Genaro Lukasik	N	
Fredericka J Varney	George U Clouser	N	
Gabriel E Pearsall	Georgiann C Harrell	N	
Gabriel S Beale	Georgiann Harrell	N	
Galina G Woodbury	Gerardo Q Bergen	N	
Garland J Verville	Geri M Tuthill	N	
Garland Z Leavell	Gerry D Woolery	N	
Garret Flakes	Gerry Harvey	N	
Garrett Nolette	Gerry X Koh	N	
Gavin V Mckillip	Gertrud B Glidden	N	
Gearldine Stolte	Gertrud Glidden	N	
Gema S Grover	Gia M Casas	N	
Gemma I Chilton	Gidget X Loring	N	
Genaro Lukasik	Gilbert M Wolfgram	N	
George U Clouser	Gilbert Z Bloss	N	
Georgiann C Harrell	Gilberto U Greaves	N	
Georgiann Harrell	Giovanna M Clift	N	
Gerardo Q Bergen	Giuseppe D Chouinard	N	
Geri M Tuthill	Giuseppina Dagostino	N	
Gerry D Woolery	Giuseppina E Fink	N	
Gerry Harvey	Giuseppina N Dagostino	N	
Gerry X Koh	Glady Q Kump	N	
Gertrud B Glidden	Glenn N Vinyard	N	
Gertrud Glidden	Glenn Vinyard	N	
Gia M Casas	Gracie P Lett	N	
Gidget X Loring	Grady Y Perera	N	
Gilbert M Wolfgram	Graham O Romeo	N	
Gilbert Z Bloss	Gregorio H Hottinger	N	
Gilberto U Greaves	Gregory I Kidwell	N	
Giovanna M Clift	Grisel R Whitty	N	
Giuseppe D Chouinard	Grisel Sutton	N	
Giuseppina Dagostino	Grover Mcgahey	N	
Giuseppina E Fink	Guillermo X Schwan	N	
Giuseppina N Dagostino	Gustavo F Rouse	N	
Glady Q Kump	Guy S Troy	N	
Glenn N Vinyard	Gwyn E Etzel	N	
Glenn Vinyard	Gwyn Etzel	N	
Gracie P Lett	Gwyn I Parish	N	
Grady Y Perera	Gwyn N Mitzel	N	
Graham O Romeo	Hai Y Arden	N	
Gregorio H Hottinger	Hal K Kells	N	
Gregory I Kidwell	Hal Kells	N	
Grisel R Whitty	Haley G Bova	N	
Grisel Sutton	Hannah K Ma	N	
Grover Mcgahey	Hans G Koh	N	
Guillermo X Schwan	Harriett A Mccurry	N	
Gustavo F Rouse	Hassan Radabaugh	N	
Guy S Troy	Hayden E Novack	N	
Gwyn E Etzel	Hayden J Jang	N	
Gwyn Etzel	Heath Aikin	N	
Gwyn I Parish	Heath Fell	N	
Gwyn N Mitzel	Heath K Fell	N	
Hai Y Arden	Herb B Irving	N	
Hal K Kells	Heriberto Rollo	N	
Hal Kells	Heriberto Starkey	N	
Haley G Bova	Heriberto Y Starkey	N	
Hannah K Ma	Herlinda U Negron	N	
Hans G Koh	Hermila X Crosslin	N	
Harland S Renshaw	Hester B Cabana	N	
Harriett A Mccurry	Hettie S Lauber	N	
Hassan Radabaugh	Hiram K Stokely	N	
Hayden E Novack	Holley M Cathcart	N	
Hayden J Jang	Holli G Ethridge	N	
Heath Aikin	Hollis Z Carr	N	
Heath Fell	Homer Hollowell	N	
Heath K Fell	Horace Hobart	N	
Herb B Irving	Horacio S Salazar	N	
Heriberto Rollo	Hosea B Michelson	N	
Heriberto Starkey	Houston K Joe	N	
Heriberto Y Starkey	Hoyt O Reiss	N	
Herlinda U Negron	Hubert L Kirkland	N	
Hermila X Crosslin	Hugh N Chavira	N	
Hester B Cabana	Hui Bizzell	N	
Hettie S Lauber	Hui E Bizzell	N	
Hiram K Stokely	Hung H Nicola	N	
Holley M Cathcart	Hyun M Gloss	N	
Holli G Ethridge	Hyun Z Bynoe	N	
Hollis Z Carr	Iliana Fogle	N	
Homer Hollowell	Iliana M Fogle	N	
Honey D Eaves	Ilse X Harr	N	
Hong M Townson	Ingeborg Z Weisser	N	
Horace Hobart	Inger Gillan	N	
Horacio S Salazar	Irene Ellerbee	N	
Hosea B Michelson	Irving C Pillar	N	
Houston K Joe	Irwin River	N	
Hoyt O Reiss	Isaac O Dempster	N	
Hubert L Kirkland	Isaac Tsan	N	
Hugh N Chavira	Isabella X Russell	N	
Hui Bizzell	Isaiah G Parrish	N	
Hui E Bizzell	Isaiah Y Magwood	N	
Hung H Nicola	Isiah S Coppock	N	
Hyun M Gloss	Isiah Wilkie	N	
Hyun Z Bynoe	Isis F Hash	N	
Iliana Fogle	Isis N Rufus	N	
Iliana M Fogle	Isobel K Dance	N	
Ilse X Harr	Israel T Hertzler	N	
Ingeborg Z Weisser	Isreal F Metoyer	N	
Inger Gillan	Isreal Metoyer	N	
Irene Ellerbee	Ivan A Groner	N	
Irving C Pillar	Izetta B Alford	N	
Irwin River	Izola E Ye	N	
Isaac Tsan	Jacinda X Michalec	N	
Isabella X Russell	Jacinta Y Cheney	N	
Isaiah G Parrish	Jack J Warfel	N	
Isiah S Coppock	Jack Partin	N	
Isiah Wilkie	Jackie P Montague	N	
Isis F Hash	Jackie Sachs	N	
Isis N Rufus	Jae B Isabell	N	
Israel T Hertzler	Jaleesa I Averett	N	
Isreal F Metoyer	Jamaal Resto	N	
Isreal Metoyer	Jamaal Z Resto	N	
Ivan A Groner	Jamal G Dimarco	N	
Izetta B Alford	Jamey S Seim	N	
Izola E Ye	Jamison Crutchfield	N	
Jacinda X Michalec	Jamison U Crutchfield	N	
Jacinta Y Cheney	Janean A Tyler	N	
Jack J Warfel	Janessa M Drennen	N	
Jack Partin	Jaquelyn C Holzman	N	
Jackie Sachs	Jarred C Class	N	
Jae B Isabell	Jarred Class	N	
Jaleesa I Averett	Jason V Gravois	N	
Jamaal Resto	Jasper P Barnaby	N	
Jamal G Dimarco	Jayme B Shimer	N	
Jamey S Seim	Jazmin Wheless	N	
Jamison Crutchfield	Jc Meyers	N	
Jamison U Crutchfield	Jc S Meyers	N	
Janean A Tyler	Jeanetta N Norden	N	
Janessa M Drennen	Jeanna U Li	N	
Jaquelyn C Holzman	Jeff E Lucero	N	
Jarred C Class	Jeff Mallon	N	
Jarred Class	Jeff W Zacarias	N	
Jason V Gravois	Jefferey Folkerts	N	
Jasper P Barnaby	Jefferson N Thurman	N	
Jayme B Shimer	Jeffery A Brafford	N	
Jazmin Wheless	Jeffrey Berg	N	
Jc Meyers	Jenell S Sauers	N	
Jc S Meyers	Jeneva Y Bybee	N	
Jeanetta N Norden	Jennefer Ours	N	
Jeanna U Li	Jennifer Z Pridgen	N	
Jeff Mallon	Jeramy F Metoyer	N	
Jeff W Zacarias	Jeramy T Londono	N	
Jefferey Folkerts	Jeremiah Harriss	N	
Jefferson N Thurman	Jeremiah N Curran	N	
Jeffery A Brafford	Jeremy Belew	N	
Jeffrey Berg	Jerlene P Dunnigan	N	
Jenell S Sauers	Jerome P Whitefield	N	
Jennefer Ours	Jerome Spangler	N	
Jenni Olguin	Jerome Whitefield	N	
Jennifer Z Pridgen	Jerrell Mcfarlin	N	
Jeramy F Metoyer	Jerri Dunkle	N	
Jeramy T Londono	Jesus E Mclelland	N	
Jeremiah Harriss	Jesus H Guillen	N	
Jeremiah N Curran	Jesus Tafolla	N	
Jeremy Belew	Jewel R Willhite	N	
Jerome P Whitefield	Jillian Harry	N	
Jerome Spangler	Jim J Lurie	N	
Jerome Whitefield	Jimmie A Rorie	N	
Jerrell Mcfarlin	Jimmie Esqueda	N	
Jerri Dunkle	Jimmie F Vasquez	N	
Jesus E Mclelland	Jimmy Canaday	N	
Jesus H Guillen	Joanie N Folkerts	N	
Jesus Tafolla	Joanna Deforest	N	
Jewel R Willhite	Joanna H Deforest	N	
Jillian Harry	Joanna M Sandefur	N	
Jim J Lurie	Joannie E Wolters	N	
Jimmie A Rorie	Joaquin Vaz	N	
Jimmie Esqueda	Jody K Rude	N	
Jimmie F Vasquez	Jody Slavens	N	
Jimmy Canaday	Joel S Maine	N	
Joanie N Folkerts	Joesph Y Shrout	N	
Joanna Deforest	Johnie Centers	N	
Joanna H Deforest	Johnie V Centers	N	
Joanna M Sandefur	Jolanda L Dewees	N	
Joannie E Wolters	Joleen H Chea	N	
Joaquin Vaz	Joline Frisby	N	
Jocelyn Q Scotti	Jon Arvizu	N	
Jody K Rude	Jon Behler	N	
Jody Slavens	Jong Borchers	N	
Joel S Maine	Jong U Borchers	N	
Joesph Y Shrout	Jordan D Phu	N	
Johnie Centers	Jorge R Coghlan	N	
Johnie V Centers	Jose P Tubbs	N	
Jolanda L Dewees	Josette Betancourt	N	
Joleen H Chea	Josette R Betancourt	N	
Joline Frisby	Josiah R Gutierres	N	
Jong Borchers	Josie Hofman	N	
Jong U Borchers	Judith D Gourdine	N	
Jordan D Phu	Judith Gourdine	N	
Jorge R Coghlan	Judson Y Hodson	N	
Jose P Tubbs	Jules Shugart	N	
Josette Betancourt	Julio Bryce	N	
Josette R Betancourt	Julio Dockery	N	
Josiah R Gutierres	Julio P Bryce	N	
Josie Hofman	Julio P Dockery	N	
Judith D Gourdine	Julius N Bakker	N	
Judith Gourdine	Junita Huhn	N	
Judson Y Hodson	Junita Y Huhn	N	
Jules Shugart	Kaci Whitacre	N	
Julio Bryce	Kacy Cairns	N	
Julio Dockery	Kali Kennamer	N	
Julio P Bryce	Kandis Owenby	N	
Julio P Dockery	Karie Renninger	N	
Julius N Bakker	Karima Metivier	N	
Junita Huhn	Karisa B Glidewell	N	
Kaci Whitacre	Karisa Glidewell	N	
Kacy Cairns	Karl O Langlinais	N	
Kali Kennamer	Karlene L Mckean	N	
Kandis Owenby	Kasi Blakeslee	N	
Karie Renninger	Kassie Akers	N	
Karima Metivier	Kate O Paull	N	
Karisa B Glidewell	Katelin F Coney	N	
Karisa Glidewell	Katheryn Holtzclaw	N	
Karl O Langlinais	Katia Foran	N	
Karlene L Mckean	Katie N Kinnison	N	
Kasi Blakeslee	Kaye Tubbs	N	
Kassie Akers	Keenan W Spruell	N	
Kassie Q Binder	Keila F Lofland	N	
Kate O Paull	Keira Till	N	
Katelin F Coney	Keith B Macha	N	
Katheryn Holtzclaw	Keith E Moyes	N	
Katia Foran	Keith Q Ofarrell	N	
Katie N Kinnison	Keitha Foran	N	
Keenan W Spruell	Kellee L Gravelle	N	
Keila A Lucas	Kendrick Burchette	N	
Keila F Lofland	Kendrick C Burchette	N	
Keira Till	Kenneth Lucius	N	
Keith B Macha	Kenton Villalta	N	
Keith E Moyes	Kermit L Mcphail	N	
Keith Q Ofarrell	Kermit Mcphail	N	
Keitha Foran	Kerri Y Card	N	
Kellee L Gravelle	Keven A Jewell	N	
Kendrick Burchette	Keven Bingham	N	
Kenneth Lucius	Keven F Bingham	N	
Kenton Villalta	Keven H Araiza	N	
Kermit L Mcphail	Khalilah A Campo	N	
Kermit Mcphail	Kiara G Abrahamson	N	
Kerri Y Card	Kiara T Martinez	N	
Keven A Jewell	Kieth D Castelli	N	
Keven Bingham	Kieth G Coney	N	
Keven F Bingham	Kimberly Duquette	N	
Keven H Araiza	Kimberly K Carr	N	
Khalilah A Campo	Kindra V Cruickshank	N	
Kiara G Abrahamson	Kirby W Estrella	N	
Kiara T Martinez	Kirstie Macey	N	
Kieth D Castelli	Kirstie W Macey	N	
Kieth G Coney	Kitty S Sickles	N	
Kimberlee J Hawkins	Kizzy W Brazelton	N	
Kimberly Duquette	Korey I Garrity	N	
Kimberly K Carr	Korey U Eddington	N	
Kindra V Cruickshank	Kori J Fairfax	N	
Kirby W Estrella	Kraig P Brownfield	N	
Kirstie Macey	Kris Bice	N	
Kirstie W Macey	Kris L Bice	N	
Kitty S Sickles	Krishna G Raby	N	
Kizzy W Brazelton	Krissy S Valazquez	N	
Korey I Garrity	Kristal F Bickford	N	
Korey U Eddington	Kristen A Beauchemin	N	
Kori J Fairfax	Kristie E Jain	N	
Kraig P Brownfield	Kristle D Figgs	N	
Kris Bice	Kristofer N Calahan	N	
Kris L Bice	Kristofer Y Fizer	N	
Krishna G Raby	Kristopher Alejos	N	
Krissy S Valazquez	Kurtis C Irons	N	
Kristal F Bickford	Kylie K Freda	N	
Kristen A Beauchemin	Lacy Deshotel	N	
Kristie E Jain	Lacy Q Deshotel	N	
Kristle D Figgs	Lakenya Z Mccroskey	N	
Kristofer N Calahan	Lala C Marquez	N	
Kristofer Y Fizer	Lala R Denman	N	
Kristopher Alejos	Lamar A Partida	N	
Kurtis C Irons	Lamar L Legg	N	
Lacy Deshotel	Lamont J Brescia	N	
Lacy Q Deshotel	Lance Pennington	N	
Lakenya Z Mccroskey	Lanelle W Berlanga	N	
Lala C Marquez	Larisa X Strauss	N	
Lala R Denman	Larry Osby	N	
Lamar A Partida	Lashaunda Y Munden	N	
Lamar L Legg	Latanya C Law	N	
Lamar W Estill	Latrice Kirch	N	
Lamont J Brescia	Lauren O Guzzi	N	
Lance Pennington	Lauren R Hennessy	N	
Lanelle W Berlanga	Laurence K Ryles	N	
Larisa Still	Laurinda Dinh	N	
Larisa X Strauss	Lavada Maldanado	N	
Larry Osby	Lavada W Maldanado	N	
Lashaunda Y Munden	Lavette P Cheney	N	
Latanya C Law	Lawerence W Abernethy	N	
Latrice Kirch	Leanna X Tibbetts	N	
Launa N Kohl	Leda X Haskell	N	
Lauren O Guzzi	Leda Y Fabre	N	
Lauren R Hennessy	Leif Harness	N	
Laurence K Ryles	Leif Y Harness	N	
Laurinda Dinh	Leigh Y Haws	N	
Lavada Maldanado	Leland C Fifield	N	
Lavada W Maldanado	Leland David	N	
Lavette P Cheney	Lemuel V Darden	N	
Lawerence W Abernethy	Lemuel W Hardman	N	
Leanna X Tibbetts	Leonel S Yuan	N	
Leda X Haskell	Leonia Y Derosier	N	
Leda Y Fabre	Leonore Reason	N	
Leif Harness	Leopoldo U Hole	N	
Leif Y Harness	Leroy H Styron	N	
Leigh Y Haws	Les Priolo	N	
Leland C Fifield	Les V Bejarano	N	
Leland David	Les V Gran	N	
Lemuel V Darden	Lesha K Cai	N	
Lemuel W Hardman	Lesley Macpherson	N	
Lenny U Rister	Leslie I Stolte	N	
Leonel S Yuan	Leslie Stolte	N	
Leonia Y Derosier	Lester Coldiron	N	
Leonore Reason	Letha L Apel	N	
Leopoldo U Hole	Leticia V Lewandowski	N	
Leroy H Styron	Lewis M Racette	N	
Les Priolo	Lezlie Z Bohannan	N	
Les V Bejarano	Lia J Liner	N	
Les V Gran	Lia Liner	N	
Lesha K Cai	Liana T Quesenberry	N	
Lesley Macpherson	Liane U Grafton	N	
Leslie I Stolte	Lianne M Sweeney	N	
Leslie Stolte	Lianne Sweeney	N	
Lester Coldiron	Liberty A Shroyer	N	
Letha L Apel	Lidia Kuiper	N	
Leticia V Lewandowski	Lidia S Gerling	N	
Lewis M Racette	Ligia Hoeft	N	
Lezlie Z Bohannan	Lilli Tartt	N	
Lia J Liner	Lincoln D Cauley	N	
Lia Liner	Lincoln D Demaria	N	
Liana T Quesenberry	Lincoln Demaria	N	
Liane U Grafton	Lindsey W Whittle	N	
Lianne M Sweeney	Lindy M Reel	N	
Lianne Sweeney	Linette Q Menard	N	
Liberty A Shroyer	Linh U Ashton	N	
Lidia Kuiper	Linn Plummer	N	
Lidia S Gerling	Lino M Lizarraga	N	
Ligia Hoeft	Linsey P Orsini	N	
Lilli Tartt	Linwood H Carter	N	
Lincoln D Cauley	Linwood J Franqui	N	
Lincoln D Demaria	Lisa C Sheridan	N	
Lincoln Demaria	Lisette F Cowley	N	
Lindsey W Whittle	Liz R Lomonaco	N	
Lindy M Reel	Lizzette G Moyle	N	
Linette Q Menard	Lizzette Moyle	N	
Linh U Ashton	Lizzie D Ratcliff	N	
Linn Plummer	Logan D Berryman	N	
Lino M Lizarraga	Lois Cozad	N	
Linsey P Orsini	Lona T Collar	N	
Linwood H Carter	Londa Petrey	N	
Linwood J Franqui	Londa T Maya	N	
Lisa C Sheridan	Loraine Barnes	N	
Lisette F Cowley	Loralee V Ball	N	
Liz R Lomonaco	Loren I Casady	N	
Lizzette G Moyle	Loren Isaac	N	
Lizzette Moyle	Lorette Y Petrillo	N	
Lizzie D Ratcliff	Lorri Garney	N	
Logan D Berryman	Lorriane P Ho	N	
Lois Cozad	Lottie Bonin	N	
Lona T Collar	Lottie G Bonin	N	
Londa Petrey	Lou Baine	N	
Londa T Maya	Louann X Sakamoto	N	
Loraine Barnes	Love G Lent	N	
Loralee V Ball	Lowell Demmer	N	
Loren I Casady	Lucas Funes	N	
Loren Isaac	Lucas P Funes	N	
Lorette Y Petrillo	Luciana N Campfield	N	
Lorri Garney	Lucienne U Clyne	N	
Lorriane P Ho	Lucinda Z Borton	N	
Lottie Bonin	Lucius C Moorhead	N	
Lottie G Bonin	Lucy Reiser	N	
Lou Baine	Luella W Kemmerer	N	
Louann X Sakamoto	Luigi G Lembo	N	
Love G Lent	Luke S Tumlin	N	
Lowell Demmer	Lyla Donald	N	
Lucas Funes	Lyla Q Donald	N	
Lucas P Funes	Lyn Q Tso	N	
Luciana N Campfield	Lyndon Dunkley	N	
Lucienne U Clyne	Lynn M Blocher	N	
Lucius C Moorhead	Lynwood Durfee	N	
Lucy Reiser	Lynwood Q Durfee	N	
Luella W Kemmerer	Mac Lineberry	N	
Luigi G Lembo	Mac U Palmquist	N	
Luke S Tumlin	Mac V Lineberry	N	
Lyla Donald	Mack L Lykes	N	
Lyla Q Donald	Madalene J Martine	N	
Lyn Q Tso	Madelyn W Boos	N	
Lyn Tso	Magaly Mcneel	N	
Lyndon Dunkley	Magaly U Mcneel	N	
Lynn M Blocher	Maire Mair	N	
Lynwood Durfee	Malcolm Y Bonaparte	N	
Lynwood Q Durfee	Malcom Darrah	N	
Mac Lineberry	Malcom L Meister	N	
Mac U Palmquist	Man W Bean	N	
Mac V Lineberry	Mandy Lavalley	N	
Madalene J Martine	Mandy W Lavalley	N	
Madelyn W Boos	Marcell T Farias	N	
Magaly Mcneel	Marcella Mapp	N	
Magaly U Mcneel	Marcella Z Mapp	N	
Maire Mair	Marcellus H Macintyre	N	
Malcolm Y Bonaparte	Marcellus Jalbert	N	
Malcom Darrah	Marco J Desilva	N	
Malcom L Meister	Marg Dunfee	N	
Man W Bean	Margarett E Mulford	N	
Mandy Lavalley	Margarite E Blalock	N	
Mandy W Lavalley	Margarito M Oxendine	N	
Marcell T Farias	Margarito O Retana	N	
Marcella Mapp	Margarito Retana	N	
Marcella Z Mapp	Marget Dials	N	
Marcellus H Macintyre	Margit E Gallion	N	
Marcellus Jalbert	Margit Gallaher	N	
Marco J Desilva	Mariam F Pinheiro	N	
Marg Dunfee	Mariano F Leary	N	
Margarett E Mulford	Mariano Y Kyles	N	
Margarite E Blalock	Maricela Pendergrass	N	
Margarito M Oxendine	Marina X Quayle	N	
Margarito O Retana	Maris S Briggs	N	
Margarito Retana	Marissa S Hughes	N	
Marget Dials	Marivel Seiter	N	
Margit E Gallion	Mark F Hamman	N	
Margit Gallaher	Marketta Candelaria	N	
Margrett M Confer	Markus J Lamm	N	
Mariano F Leary	Marlana W Zak	N	
Mariano Y Kyles	Marleen R Guyette	N	
Maricela Pendergrass	Marlon M Caddell	N	
Marina X Quayle	Marni O Otter	N	
Maris S Briggs	Mary Y Tate	N	
Marissa S Hughes	Maryellen E Zackery	N	
Marivel Seiter	Maryellen H Hartness	N	
Mark F Hamman	Maryjo Mccloy	N	
Marketta Candelaria	Maryln H Springfield	N	
Markus J Lamm	Marylouise Howland	N	
Marlana W Zak	Marylyn K Ditto	N	
Marleen R Guyette	Marylynn Ealey	N	
Marlon M Caddell	Marylynn G Ealey	N	
Marni O Otter	Mason Shiflett	N	
Mary Y Tate	Mathilda Monty	N	
Maryellen E Zackery	Matt D Bramblett	N	
Maryellen H Hartness	Mauricio I Streets	N	
Maryjo Mccloy	Mauricio U Talty	N	
Maryln H Springfield	Maxwell Azevedo	N	
Marylouise Howland	Maxwell H Azevedo	N	
Marylyn K Ditto	Maybelle Rush	N	
Marylynn Ealey	Mckinley H Scofield	N	
Marylynn G Ealey	Meda I Hayner	N	
Mason Shiflett	Mei H Silvera	N	
Mathilda Monty	Melida R Corle	N	
Matt D Bramblett	Mellissa Hembree	N	
Mauricio U Talty	Mervin E Goering	N	
Maxwell Azevedo	Mervin Goering	N	
Maxwell H Azevedo	Meryl B Jude	N	
Maybelle Rush	Meryl Gow	N	
Mckinley H Scofield	Meryl I Nau	N	
Meda I Hayner	Meryl Nau	N	
Mei H Silvera	Mica Z Herzberg	N	
Melida R Corle	Micaela N Buker	N	
Mellissa Hembree	Micheal F Mcleroy	N	
Mervin E Goering	Mickey E Hentges	N	
Mervin Goering	Mickey Hentges	N	
Meryl B Jude	Micki R Jauregui	N	
Meryl Gow	Mignon H Ballesteros	N	
Meryl I Nau	Mignon Q Dills	N	
Meryl Nau	Miguel P Karp	N	
Mica Z Herzberg	Mika J Rodriquez	N	
Micaela N Buker	Mika Rodriquez	N	
Micheal F Mcleroy	Mike A Waddington	N	
Mickey E Hentges	Miles Lambert	N	
Mickey Hentges	Miles N Light	N	
Micki R Jauregui	Millicent G Mangan	N	
Mignon H Ballesteros	Millicent Mangan	N	
Mignon Q Dills	Min X Buckmaster	N	
Miguel P Karp	Mina P Shotwell	N	
Mika J Rodriquez	Mina Shotwell	N	
Mika Rodriquez	Minta J Branham	N	
Mike A Waddington	Mirian E Gorman	N	
Miles Lambert	Mirtha Herzig	N	
Miles N Light	Mirtha X Herzig	N	
Millicent G Mangan	Misti H Mendenhall	N	
Millicent Mangan	Misti Royal	N	
Min X Buckmaster	Moises U Hughs	N	
Mina P Shotwell	Molly U Rasch	N	
Mina Shotwell	Monte F Mcginn	N	
Minta J Branham	Monty C Hughes	N	
Mirian E Gorman	Morgan Carriere	N	
Mirtha Herzig	Morgan K Rathbun	N	
Mirtha X Herzig	Morgan Leonetti	N	
Misti H Mendenhall	Morgan O Carriere	N	
Misti Royal	Morgan V Leonetti	N	
Moises U Hughs	Mose Brucker	N	
Molly U Rasch	Mose O Brucker	N	
Monte F Mcginn	Mumin Yusha	N	
Monty C Hughes	Murray D Pennock	N	
Morgan Carriere	Myles G Strum	N	
Morgan Leonetti	Myra H Parra	N	
Morgan O Carriere	Myron Elsea	N	
Morgan V Leonetti	Myron V Elsea	N	
Mose Brucker	Nadia B Rosner	N	
Mose O Brucker	Nancy V Trogdon	N	
Mumin Yusha	Nannette Ressler	N	
Murray D Pennock	Nannie Z Seeman	N	
Myles G Strum	Narcisa C Rayburn	N	
Myra H Parra	Natasha L Mcelhannon	N	
Myron Elsea	Nathan Avendano	N	
Myron V Elsea	Nathan V Avendano	N	
Nadia B Rosner	Nathanael G Mcmillin	N	
Nancy V Trogdon	Nathanael Halloway	N	
Nannette Ressler	Nathanael W Ohl	N	
Nannie Z Seeman	Neil Gebhard	N	
Natasha L Mcelhannon	Neil V Gebhard	N	
Nathan Avendano	Neil Z Stoughton	N	
Nathan V Avendano	Nelida E Cheeks	N	
Nathanael G Mcmillin	Nella Mckeown	N	
Nathanael Halloway	Nelson Dubuc	N	
Nathanael W Ohl	Nelson O Dubuc	N	
Neil Gebhard	Neomi P Pitchford	N	
Neil V Gebhard	Nestor T Ventura	N	
Neil Z Stoughton	Newton L Cromartie	N	
Nelida E Cheeks	Newton V Scalia	N	
Nella Mckeown	Ngoc P Pogue	N	
Nelson Dubuc	Ngoc X Watson	N	
Nelson O Dubuc	Nicholas B Salcedo	N	
Neomi P Pitchford	Nick Q Packard	N	
Nestor T Ventura	Nickolas G Grossi	N	
Newton L Cromartie	Nicola S Bellis	N	
Newton V Scalia	Nicolle A Crothers	N	
Ngoc P Pogue	Nigel K Wadsworth	N	
Ngoc X Watson	Nigel O Sansom	N	
Nicholas B Salcedo	Nigel V Dupras	N	
Nick Q Packard	Nikia Z Thrasher	N	
Nickolas G Grossi	Nilsa Arambula	N	
Nicola S Bellis	Noah O Love	N	
Nicolle A Crothers	Noble Sanderson	N	
Nigel K Wadsworth	Noel Garon	N	
Nigel O Sansom	Nolan V Velazco	N	
Nigel V Dupras	Norris P Ewen	N	
Nikia Z Thrasher	Novella B Osman	N	
Nilsa Arambula	Novella Osman	N	
Noah O Love	Odette Gorden	N	
Noble Sanderson	Olevia U Cartier	N	
Nolan V Velazco	Oliver Mouzon	N	
Norris P Ewen	Omer H Moultrie	N	
Novella B Osman	Ona K Koepp	N	
Novella Osman	Orval N Pichardo	N	
Odette Gorden	Orval Olinger	N	
Olevia U Cartier	Orval Q Schlesinger	N	
Oliver Mouzon	Orville Marcantel	N	
Omer H Moultrie	Orville Massey	N	
Ona K Koepp	Oscar R Bovee	N	
Oren M Mcnabb	Oswaldo Baumbach	N	
Oren Mcnabb	Otha Sylvester	N	
Orval N Pichardo	Otha T Orrell	N	
Orval Olinger	Otto Reilly	N	
Orval Q Olinger	Palmer O Beamer	N	
Orval Q Schlesinger	Pansy Duchesne	N	
Orville Marcantel	Pansy F Duchesne	N	
Orville Massey	Paola R Timberlake	N	
Oscar R Bovee	Paris U Leite	N	
Oswaldo Baumbach	Patrick H Gilleland	N	
Otha Sylvester	Patty Hosey	N	
Otha T Orrell	Paz J Hegwood	N	
Otto Reilly	Perry E Huddleston	N	
Palmer O Beamer	Perry Outland	N	
Pansy Duchesne	Pete B Donnelly	N	
Pansy F Duchesne	Petrina B Dampier	N	
Paola R Timberlake	Petrina Dampier	N	
Paris U Leite	Phil Czarnecki	N	
Patrick H Gilleland	Phil G Czarnecki	N	
Patty Hosey	Phil T Urena	N	
Paz J Hegwood	Philip Trinidad	N	
Perry E Huddleston	Philip X Trinidad	N	
Perry Outland	Phillip Crabill	N	
Pete B Donnelly	Phyllis Figueredo	N	
Petrina B Dampier	Porfirio Houghton	N	
Petrina Dampier	Porsche Dearing	N	
Phil Czarnecki	Prince Maloof	N	
Phil G Czarnecki	Providencia Hennings	N	
Phil T Urena	Queenie M Alder	N	
Philip Trinidad	Quinn Linneman	N	
Philip X Trinidad	Rachelle M Burkhead	N	
Phillip Crabill	Rafaela Madrid	N	
Phyllis Figueredo	Rafaela N Madrid	N	
Porfirio Houghton	Raguel Yeager	N	
Porsche Dearing	Ramon Heldt	N	
Prince Maloof	Ramona V Hemphill	N	
Providencia Hennings	Ramona W Rand	N	
Queenie M Alder	Ramonita Z Fincher	N	
Quinn Linneman	Randal J Kahle	N	
Rachelle M Burkhead	Randal Kahle	N	
Rafaela Madrid	Randee O Cassity	N	
Rafaela N Madrid	Randee X Blunt	N	
Raguel Yeager	Raphael W Kellner	N	
Ramon Heldt	Rashida M Durante	N	
Ramona V Hemphill	Raye T Willmon	N	
Ramona W Rand	Raymon I Chavarria	N	
Ramonita Z Fincher	Raymond U Flavin	N	
Randal J Kahle	Reagan H Costas	N	
Randal Kahle	Reanna I Hampton	N	
Randee O Cassity	Reatha E Osby	N	
Randee X Blunt	Rebeca Kromer	N	
Raphael W Kellner	Reed O Vella	N	
Rashida M Durante	Reed Vella	N	
Raye T Willmon	Reggie Cramer	N	
Raymon I Chavarria	Reinaldo Castellanos	N	
Raymond U Flavin	Reinaldo G Castellanos	N	
Raymundo Pecora	Renaldo K Cheatham	N	
Reagan H Costas	Rene Morel	N	
Reanna I Hampton	Ressie Goodwyn	N	
Reatha E Osby	Ressie I Goodwyn	N	
Rebeca Kromer	Retha G Nealy	N	
Reed O Vella	Rex K Dion	N	
Reed Vella	Reyes X Segal	N	
Reggie Cramer	Reynalda M Millwood	N	
Reinaldo Castellanos	Rhett A Chapple	N	
Rene Morel	Rhett H Goode	N	
Ressie Goodwyn	Rich Cleek	N	
Ressie I Goodwyn	Rich Q Rehberg	N	
Retha G Nealy	Rich Rehberg	N	
Rex K Dion	Richard C Truman	N	
Reyes X Segal	Richard J Fetter	N	
Reynalda M Millwood	Richelle Haffner	N	
Reynaldo S Service	Richie I Weisz	N	
Rhett A Chapple	Rick E Armenta	N	
Rhett H Goode	Rick Y Haefner	N	
Rich Cleek	Rickey I Delk	N	
Rich Q Rehberg	Rina L Chacon	N	
Rich Rehberg	Rob Spier	N	
Richard C Truman	Robbie N Heckman	N	
Richard J Fetter	Robert Ancheta	N	
Richelle Haffner	Robert C Ancheta	N	
Richie I Weisz	Robert F Trudeau	N	
Rick E Armenta	Robert Winsor	N	
Rick Y Haefner	Roberto A Fresquez	N	
Rickey I Delk	Roberto U Derry	N	
Rina L Chacon	Robin Z Stewart	N	
Rob Spier	Rod Catania	N	
Robbie N Heckman	Rodney Leonardo	N	
Robert Ancheta	Rogelio Finnerty	N	
Robert C Ancheta	Rogelio Ledezma	N	
Robert F Trudeau	Rolando Womble	N	
Robert Winsor	Ronnie E Swim	N	
Roberto A Fresquez	Ronnie G Gumbs	N	
Roberto U Derry	Ronnie H Upton	N	
Robin Z Stewart	Ronnie Upton	N	
Rod Catania	Rory Syed	N	
Rodney Leonardo	Rosa Iler	N	
Rogelio Finnerty	Rosaline H Brenneman	N	
Rogelio Ledezma	Rosalva G Shepley	N	
Rolando Womble	Rosanna D Standley	N	
Ronnie E Swim	Roscoe Tunney	N	
Ronnie H Upton	Roselia F Britton	N	
Ronnie Upton	Rosella E Marron	N	
Rory Syed	Rosemarie K Fellows	N	
Rosa Iler	Rosetta Messerly	N	
Rosaline H Brenneman	Rosette F Cascio	N	
Rosalva G Shepley	Rosina Gonsalves	N	
Rosanna D Standley	Ross Imai	N	
Roscoe Tunney	Rosy U Baumeister	N	
Roselia F Britton	Roy W Wilkie	N	
Rosella E Marron	Royal U Okeefe	N	
Rosemarie K Fellows	Royce K Goodwyn	N	
Rosetta Messerly	Rozanne N Mielke	N	
Rosette F Cascio	Rubin Confer	N	
Rosina Gonsalves	Rubin E Confer	N	
Ross Imai	Ruby B Hare	N	
Rosy U Baumeister	Rueben X Pidgeon	N	
Roy W Wilkie	Rufus F Furlong	N	
Royal U Okeefe	Rufus Neufeld	N	
Royce K Goodwyn	Russ I Teed	N	
Rubin Confer	Russ U Belliveau	N	
Rubin E Confer	Russel Baumer	N	
Ruby B Hare	Rusty Bibby	N	
Rueben X Pidgeon	Sal C Heiden	N	
Rufus F Furlong	Salena I Santillan	N	
Rufus Neufeld	Salena Santillan	N	
Russ I Teed	Salvatore J Lindell	N	
Russ U Belliveau	Sam C Limones	N	
Russel Baumer	Sam E Lacey	N	
Rusty Bibby	Samantha V Lucky	N	
Sal C Heiden	Sammy C Holtzclaw	N	
Salena I Santillan	Samuel Dart	N	
Salena Santillan	Sanford Knee	N	
Salvatore J Lindell	Sarita P Schubert	N	
Sam C Limones	Scott K Ricco	N	
Sam E Lacey	Selma Abram	N	
Samantha V Lucky	Sena U Delrosario	N	
Sammy C Holtzclaw	Serina Lingle	N	
Samuel Dart	Seth N Lipsky	N	
Sanford Knee	Seth Willilams	N	
Sarita P Schubert	Shanelle Z Hick	N	
Scott K Ricco	Shannon J Force	N	
Selma Abram	Shanti F Quirion	N	
Sena U Delrosario	Shanti Quirion	N	
Serina Lingle	Shara Millsap	N	
Seth N Lipsky	Sharda W Choudhury	N	
Seth Willilams	Sharita Y Lombardi	N	
Shanelle Z Hick	Sharlene Klein	N	
Shannon J Force	Sharonda Janzen	N	
Shanti F Quirion	Sharri Z Gormley	N	
Shanti P Brinegar	Sharyl Y Torian	N	
Shanti Quirion	Shasta F Bay	N	
Shara Millsap	Shasta P Depuy	N	
Sharda W Choudhury	Shavon K Wescott	N	
Sharita Y Lombardi	Shavonne B Boylan	N	
Sharlene Klein	Shawanda Ostlund	N	
Sharonda Janzen	Shayne T Claytor	N	
Sharri Z Gormley	Sheila F Bergman	N	
Sharyl Y Torian	Shemika D Porterfield	N	
Shasta F Bay	Sherise Bledsoe	N	
Shasta P Depuy	Sherise C Bledsoe	N	
Shavon K Wescott	Sherlene E Mcdaniel	N	
Shavonne B Boylan	Sherryl B Raker	N	
Shavonne Henkle	Sherryl Raker	N	
Shawanda Ostlund	Sheryll X Broadbent	N	
Shayne T Claytor	Shirl M Caraballo	N	
Sheila F Bergman	Shirley H Mettler	N	
Shemika D Porterfield	Sidney D Amore	N	
Sherise Bledsoe	Silas J Wojcik	N	
Sherise C Bledsoe	Silas S Pyatt	N	
Sherlene E Mcdaniel	Silvana V Hendrix	N	
Sherryl B Raker	Simon G Cromwell	N	
Sherryl Raker	Sixta H Jo	N	
Sherwood K Shire	Sixta Jo	N	
Shirl M Caraballo	Sol Coffman	N	
Shirley H Mettler	Solange Landaverde	N	
Sidney D Amore	Son D Ricketts	N	
Silas J Wojcik	Sonny Najar	N	
Silas S Pyatt	Sophia F Knecht	N	
Silvana V Hendrix	Stacey H Galante	N	
Simon G Cromwell	Stacy B Kennell	N	
Sixta H Jo	Stan I Folks	N	
Sixta Jo	Stan S Watt	N	
Sol Coffman	Stanley Caudill	N	
Sol K Roger	Stanley F Casillas	N	
Solange Landaverde	Stanton Y Cavallaro	N	
Sophia F Knecht	Stasia L Daley	N	
Stacey H Galante	Stefanie P Rose	N	
Stacy B Kennell	Stephnie Millman	N	
Stan I Folks	Steve S Everette	N	
Stan S Watt	Steven B Daigneault	N	
Stanley Caudill	Steven Daigneault	N	
Stanley F Casillas	Stuart Fullwood	N	
Stanton Y Cavallaro	Suellen Eoff	N	
Stasia L Daley	Sunshine F Earle	N	
Stefanie P Rose	Susan Barra	N	
Stephnie Millman	Susana Hooks	N	
Steve S Everette	Susann A Faucett	N	
Steven B Daigneault	Suzette F Lovejoy	N	
Steven Daigneault	Suzette Lovejoy	N	
Stuart Fullwood	Sydney Trosper	N	
Suellen Eoff	Sylvester Harmer	N	
Sunshine F Earle	Sylvester M Harmer	N	
Susan Barra	Sylvester Z Blackledge	N	
Susana Hooks	Tad Laster	N	
Susann A Faucett	Tad Portillo	N	
Suzette F Lovejoy	Tad V Laster	N	
Suzette Lovejoy	Talisha F Nicklas	N	
Sydney Trosper	Tamera Balser	N	
Sylvester M Harmer	Tamesha I Knepper	N	
Tad Laster	Tamica J Holoman	N	
Tad Portillo	Tammi S Garret	N	
Tad V Laster	Tammy Staples	N	
Talisha F Nicklas	Tammy Z Lorentz	N	
Tamera Balser	Tanner Y Hollenbeck	N	
Tamesha I Knepper	Tawanda E Buchanon	N	
Tamica J Holoman	Taylor O Thill	N	
Tammy Staples	Tayna L Covarrubias	N	
Tammy Z Lorentz	Teddy Kleinschmidt	N	
Tanner Y Hollenbeck	Tempie Peralta	N	
Tawanda E Buchanon	Terra D Routh	N	
Taylor O Thill	Terra Routh	N	
Tayna L Covarrubias	Terrance E Schiefelbein	N	
Teddy Kleinschmidt	Terrell J Leader	N	
Tempie Peralta	Terrell Leader	N	
Terra D Routh	Theda Timothy	N	
Terrance E Schiefelbein	Theresa Fitzmaurice	N	
Terrell J Leader	Theresa R Fitzmaurice	N	
Terrell Leader	Theron T Kramer	N	
Theda Timothy	Thomas B Felipe	N	
Theresa Fitzmaurice	Thomas H Huang	N	
Theresa R Fitzmaurice	Thora Vanhook	N	
Theron T Kramer	Thurman T Caceres	N	
Thomas B Felipe	Tiffaney A Schoenberg	N	
Thomas H Huang	Tiffaney Schoenberg	N	
Thora Vanhook	Tim N Schueller	N	
Thurman T Caceres	Tim U Kornegay	N	
Tiffaney Schoenberg	Timmy I Poteat	N	
Tim U Kornegay	Timmy Kitchens	N	
Timmy I Poteat	Tinisha V Vince	N	
Timmy Kitchens	Tiny Llanos	N	
Tinisha V Vince	Tiny Z Oliveri	N	
Tiny Llanos	Titus Eide	N	
Tiny Z Oliveri	Toby Riles	N	
Titus Eide	Tod Rene	N	
Toby Riles	Toi F Stallard	N	
Tod Rene	Tomas V Krout	N	
Toi F Stallard	Tommie S Fargo	N	
Tomas V Krout	Tommy I Meadows	N	
Tommie S Fargo	Tona S Huseby	N	
Tommy I Meadows	Toney Buffum	N	
Tona S Huseby	Tonia Silvis	N	
Toney Buffum	Tonia X Silvis	N	
Toney O Gentle	Tonja E Lenahan	N	
Tonia Silvis	Tonja Lenahan	N	
Tonia X Silvis	Tony E Keough	N	
Tonja Lenahan	Tony Keough	N	
Tony Keough	Towanda H Matson	N	
Towanda H Matson	Tracey Lapinski	N	
Tracey Lapinski	Tracie J Winebarger	N	
Tracie J Winebarger	Trent J Lockman	N	
Trent J Lockman	Tressa Q Standard	N	
Tressa Q Standard	Tressa Standard	N	
Tressa Standard	Trey Kaiser	N	
Trey Kaiser	Tristan L Cockrell	N	
Tristan L Cockrell	Tristan M Brackett	N	
Tristan M Brackett	Troy J Higbee	N	
Troy J Higbee	Troy Michalski	N	
Troy Michalski	Tuan L Rhymes	N	
Tuan L Rhymes	Tyler D Galindo	N	
Tyler D Galindo	Tyler Galindo	N	
Tyler Galindo	Tyler N Larkins	N	
Tyler N Larkins	Tyree W Linden	N	
Tyree W Linden	Tyrell R Bramlett	N	
Tyrell R Bramlett	Tyson High	N	
Tyson High	Ula W Hartl	N	
Ula W Hartl	Ulysses S Abate	N	
Ulysses S Abate	Un Zebrowski	N	
Un Zebrowski	Ute Outen	N	
Ute Outen	Valarie O Gorecki	N	
Valarie O Gorecki	Valencia M Cuffee	N	
Valencia M Cuffee	Valene R Yost	N	
Valene R Yost	Valene Yost	N	
Valene Yost	Valentin Escoto	N	
Valentin Escoto	Valentin T Dearborn	N	
Valentin T Dearborn	Valentine Gibbon	N	
Valentine Gibbon	Valeria Fang	N	
Valeria Fang	Van E Broadbent	N	
Van E Broadbent	Van T Dotson	N	
Van T Dotson	Vance Kuss	N	
Vance Kuss	Vasiliki E Thoman	N	
Vasiliki E Thoman	Vasiliki Thoman	N	
Vasiliki Thoman	Vaughn N Garica	N	
Vaughn N Garica	Velda V Larue	N	
Velda V Larue	Verla H Contreras	N	
Verla H Contreras	Vern T Lomeli	N	
Vern T Lomeli	Vernell X Amado	N	
Verona H Brobst	Verona H Brobst	Y	Verona H Brobst
Veronica I Mower	Veronica I Mower	Y	Veronica I Mower
Vicki V Broussard	Vicki V Broussard	Y	Vicki V Broussard
Vicki Y Hargrave	Vicki Y Hargrave	Y	Vicki Y Hargrave
Victor Helmuth	Victor Helmuth	Y	Victor Helmuth
Victoria H Musson	Victoria H Musson	Y	Victoria H Musson
Vincent N Lennon	Vincent N Lennon	Y	Vincent N Lennon
Vincenzo Rentschler	Vincenzo Rentschler	Y	Vincenzo Rentschler
Vinita E Chamber	Vinita E Chamber	Y	Vinita E Chamber
Virgil R Yuen	Virgil R Yuen	Y	Virgil R Yuen
Vivienne X Binion	Vivienne X Binion	Y	Vivienne X Binion
Voncile P Trojanowski	Voncile P Trojanowski	Y	Voncile P Trojanowski
Vonda U Mckinnis	Vonda U Mckinnis	Y	Vonda U Mckinnis
Waldo Witmer	Waldo Witmer	Y	Waldo Witmer
Walter B Mcmorrow	Walter B Mcmorrow	Y	Walter B Mcmorrow
Walter H Hargreaves	Walter H Hargreaves	Y	Walter H Hargreaves
Walter R Seddon	Walter R Seddon	Y	Walter R Seddon
Walton U Kapoor	Walton U Kapoor	Y	Walton U Kapoor
Warner I Manly	Warner I Manly	Y	Warner I Manly
Warren L Manion	Warren L Manion	Y	Warren L Manion
Waylon Z Curtsinger	Waylon Z Curtsinger	Y	Waylon Z Curtsinger
Wendolyn Riddle	Wendolyn Riddle	Y	Wendolyn Riddle
Whitney N Wasinger	Whitney N Wasinger	Y	Whitney N Wasinger
Wiley U Maske	Wiley U Maske	Y	Wiley U Maske
Wilfred Honore	Wilfred Honore	Y	Wilfred Honore
Wilhelmina Y Keaney	Wilhelmina Y Keaney	Y	Wilhelmina Y Keaney
Willia Vath	William B Mcnerney	N	
William B Mcnerney	Williams Timko	N	
Williams Timko	Willian Zeringue	N	
Willian Zeringue	Willis D Weissman	N	
Willis D Weissman	Wilton Florence	N	
Wilton Florence	Windy A Dudek	N	
Windy A Dudek	Windy Dudek	N	
Windy Dudek	Windy Pharr	N	
Windy S Pharr	Windy S Pharr	Y	Windy S Pharr
Windy Valadez	Windy Valadez	Y	Windy Valadez
Winona Slape	Winona Slape	Y	Winona Slape
Wm S Goldschmidt	Xochitl Hogan	N	
Xochitl Hogan	Xochitl Luse	N	
Xochitl Luse	Yong Ramsey	N	
Yong Ramsey	Young Rueb	N	
Young Rueb	Young W Funes	N	
Young W Funes	Yung G Booher	N	
Yung G Booher	Yvone Seay	N	
Yvone Seay	Zachary Haugland	N	
Zachary Haugland	Zachary S Velasquez	N	
Zachary S Velasquez	Zachary U Breeden	N	
Zachary U Breeden	Zachary Velasquez	N	
Zachary Velasquez	Zachery Barna	N	
Zachery Barna	Zack H Mumaw	N	
Zack H Mumaw	Zackary G Parkins	N	
Zackary G Parkins	Zana G Ordonez	N	
Zana G Ordonez	Zane J Hurdle	N	
Zane J Hurdle	Zella Renn	N	
Zenia D Owings	Zenia D Owings	Y	Zenia D Owings
Zoila X Nair	Zoila X Nair	Y	Zoila X Nair
